"ELR_ZONE","ELR","ELR_SYSID","ELR_STARTMILES","End Mileage","ELR_DESCRIPTION","ELR_SUBZONE","ELR_DRNMOD","ELR_STATUS"," ELR_INCLUDE","ELR_SMA","ELR_ELECTRIFICATION"
"QE","ABE2","2696","0.0792","0.0858","BARKSTON JNC BARKSTON EAST JNC_(NOW REPLACED BY ABE1 EXTENSION)","HEJ3","","","false","",""
"QE","BCB","89","115.1581","116.0972","BESSACARR JN - BLACK CARR JN","HEJ3","","","false","",""
"QE","BCO","0","0.0000","0.0550","BENTLEY COLLIERY","HEJ2","","","false","",""
"QE","BGE","2708","0.0000","0.1145","BOLDON COLLIERY JN - GREEN LANE JN","HEJ8","","","false","",""
"QE","BKS","2510","14.0221","20.1122","BRANCLIFFE JNC KIRK SANDAL JNC","HEJ3","","","false","",""
"QE","BNE","2710","-0.0004","0.0055","BENTON NORTH JN - EARSDON JN","HEJ8","","","false","",""
"QE","BNJ","0","0.0000","0.0396","BENTLEY COLLIERY NORTH JNC BENTLEY COLLIERY JNC","HEJ2","","","false","",""
"QE","BNW","2711","0.0000","0.0440","BOLDON NEW CURVE : BOLDON EAST JN - BOLDON NORTH JN","HEJ8","","","false","",""
"QE","BNY1","0","1.0418","2.0572","DEAN ROAD SIDINGS - GREEN LANE JN","HEJ8","","","false","",""
"QE","BRC","0","-0.0110","1.0968","CASTLE HILLS N JN - BRODSWORTH COLLIERY","HEJ2","","","false","",""
"QE","BWO1","2817","3.0056","3.0110","ASHINGTON JNC - BUTTERWELL OPEN CAST","HEJ8","","","false","",""
"QE","BWO2","2820","0.0000","1.0002","BUTTERWELL JNC - BUTTERWELL OPEN CAST","HEJ8","","","false","",""
"QE","CBI","6513","0.0815","0.1155","CANAL TUNNEL JUNCTION TO BELL ISLE JUNCTION","HEJ4","","","false","",""
"QE","CFP","36","3.0441","4.0791","CANONBURY WEST JN - FINSBURY PARK","HEJ4","","","false","",""
"QE","CHN","0","0.0000","0.0352","CASTLE HILLS SOUTH LN - WEST JN CURVE","HEJ2","","","false","",""
"QE","CJS","2723","160.0197","166.1540","CARCROFT JN STAINFORTH JNC","HEJ3","","","false","",""
"QE","CLH1","0","0.0000","0.0924","CLIFF HOUSE BRANCH","HEJ8","","","false","",""
"QE","CRF1","37","0.0000","0.0475","FREIGHT TERMINAL JN - COM (KINGS CROSS INCLINE)","HEJ4","","","false","",""
"QE","CTP","3990","66.1340","67.1220","CONNINGTON TIP (OPEN SIDING)","HEJ2","","","false","",""
"QE","CYY","0","0.0000","0.0699","YORK TURNING TRIANGLE","HEJ1","","","false","",""
"QE","DAE1","2840","0.0000","1.0418","DARLINGTON PARKGATE JN - SHILDON SOUTH JN","HEJ1","","","false","",""
"QE","DCF","6323","32.1162","34.0115","DOWN CAMBRIDGE FLYOVER","HEJ4","","","false","",""
"QE","DDY","0","154.0114","155.0220","DONCASTER DOWN YARD","HEJ3","","","false","",""
"QE","DEL","0","-999.0000","999.0000","DELETED RECORDS","","","","false","",""
"QE","DOL1","2860","156.0616","162.1100","DONCASTER MARSHGATE JN - WAKEFIELD 175M 32CH","HEJ3","","","false","",""
"QE","DOW","2728","0.0000","17.1540","DONCASTER WRAWBY","HEJ3","","","false","",""
"QE","DSN1","2884","0.0637","5.0880","DARLINGTON S JN - EAGLESCLIFFE S JN","HEJ1","","","false","",""
"QE","DUY","0","153.1413","155.0735","DONCASTER UP YARD","HEJ3","","","false","",""
"QE","DWY","0","154.1142","155.0178","DONCASTER WOODYARD","HEJ3","","","false","",""
"QE","ECM1","4","0.0000","160.0352","ECML KINGS CROSS - SHAFTHOLME JN","HEJ4","","","false","",""
"QE","ECM2","90","160.0302","169.0352","SHAFTHOLME JN - TEMPLEHIRST JN","HEJ3","","","false","",""
"QE","ECM3","792","169.0341","182.1738","TEMPLEHIRST JN - COLTON JN","HEJ1","","","false","",""
"QE","ECM4","793","182.1719","188.0903","COLTON JN - YORK STATION","HEJ1","","","false","",""
"QE","ECM5","796","0.0000","80.0115","YORK STATION - NEWCASTLE WEST JN","HEJ1","","","false","",""
"QE","ECM6","2530","80.0110","80.0362","NEWCASTLE WEST JN - NEWCASTLE STATION","HEJ8","","","false","",""
"QE","ECM7","809","0.0000","69.1474","NEWCASTLE - BERWICK (REGIONAL BDRY)","HEJ8","","","false","",""
"QE","EDC","4007","8.1000","8.1200","EAGLESCLIFFE {DOWMAC CONCRETE LINE} (OPEN SIDING)","HEJ8","","","false","",""
"QE","EMP","771","98.0881","101.0248","ELY - MARCH - PETERBOROUGH","HEJ2","","","false","",""
"QE","FAS","0","0.0000","1.1627","FLETTON ASH SIDINGS","HEJ2","","","false","",""
"QE","FEP","2782","2.1084","20.1540","FERRYHILL PELAW_(LEAMSIDE BRANCH)","HEJ8","","","false","",""
"QE","FHG","0","0.0713","0.1165","FORTH GOODS {RAILWAY ST. SIDINGS} (OPEN SIDING)","HEJ8","","","false","",""
"QE","FOG","0","0.0440","0.1340","FORTH GOODS (OPEN SIDING)","HEJ8","","","false","",""
"QE","FOM","2786","0.0000","0.0117","FLETTON JNC ORTON MERE","HEJ2","","","false","",""
"QE","FWR1","3620","151.0836","153.0418","FLYOVER WEST JN TO ROSSINGTON COLLIERY HEADSHUNT","HEJ3","","","false","",""
"QE","FWR2","0","151.1505","153.0440","ROSSINGTON COLLIERY","HEJ3","","","false","",""
"QE","GLT","4012","0.1144","1.0946","GREEN LANE - TYNE DOCK","HEJ8","","","false","",""
"QE","GMS","4014","104.1589","105.1398","GRANTHAM SIDINGS","HEJ3","","","false","",""
"QE","HAH2","0","63.1408","64.1298","END OF BRANCH TO MILEAGE CHANGE (HAVERTON HILL SOUTH BRANCH)","HEJ8","","","false","",""
"QE","HAY1","3258","1.1115","2.1510","YORK SKELTON JN - 18M 60CH","HEJ1","","","false","",""
"QE","HCS","6031","0.0000","1.0038","HEATON CARRIAGE SIDINGS","HEJ8","","","false","",""
"QE","HDB","2837","4.1496","29.0050","HERTFORD NORTH LOOP","HEJ4","","","false","",""
"QE","HDS","0","4.0641","4.0717","HORNSEY DEPOT SIDINGS","HEJ4","","","false","",""
"QE","HJB","2850","-0.0043","3.0616","HEXTHORPE JNC BENTLEY JNC","HEJ3","","","false","",""
"QE","HJM","2851","20.0925","20.1037","HEPSCOTT JN - MORPETH JN","HEJ8","","","false","",""
"QE","HLK","6597","0.0000","0.1030","HIGH LEVEL BRIDGE JN TO KING EDWARD BRIDGE SOUTH JN","HEJ8","","","false","",""
"QE","HNC","2857","3.0747","4.0000","HAMBLETON NORTH CURVE","HEJ1","","","false","",""
"QE","HOS","6608","0.0000","1.1314","HOLGATE JN SKELTON JN","HEJ1","","","false","",""
"QE","HPW","2880","0.0066","0.0308","HARRINGAY PARK JNC - HARRINGAY WEST","HEJ4","","","false","",""
"QE","HSC","2883","174.0220","175.0735","HAMBLETON SOUTH CURVE","HEJ1","","","false","",""
"QE","HTM","6422","67.1470","69.1214","HAYWOOD JN TO THORPE MARSH JN (SHAFTHOLME FLYOVER)","HEJ3","","","false","",""
"QE","ISC","2887","0.0000","1.1452","ISABELLA COLLIERY","HEJ8","","","false","",""
"QE","JAW1","3654","0.0176","3.0792","PELAW JN - JARROW","HEJ8","","","false","",""
"QE","JCA","2888","0.0000","0.1078","JOAN CROFT JN APPLEHURST JN","HEJ3","","","false","",""
"QE","KBF","2889","11.0132","15.0001","KELLOE BANK FOOT","HEJ8","","","false","",""
"QE","KEB","2890","0.0000","0.0287","KING EDWARD BRIDGE EAST JN TO NORTH JN","HEJ8","","","false","",""
"QE","KWS","2785","63.0001","68.1636","KNOTTINGLEY WEST JN SHAFTHOLME JN","HEJ3","","","false","",""
"QE","LCJ","2915","152.0791","153.0000","LOVERSALL JN FLYOVER EAST JN","HEJ3","","","false","",""
"QE","LCR","2917","152.0000","152.0240","LOVERSALL CARR JN ROSSINGTON COLLIERY JN","HEJ3","","","false","",""
"QE","LEN2","3664","-0.0044","0.0827","NORTHALLERTON HIGH JN - EAST LOW JN","HEJ1","","","false","",""
"QE","LEN3","4110","43.0010","101.1274","EAST LOW JN - NEWCASTLE EAST JN VIA HARTLEPOOL","HEJ1","","","false","",""
"QE","LLP1","3665","28.1672","29.1584","LONGLANDS LOOP JN - BOROUGHBRIDGE RD LC VIA DN LOOP (LONGLANDS LOOP)","HEJ1","","","false","",""
"QE","LLP2","3981","42.0461","43.0013","BOROUGHBRIDGE RD LC - EAST LOW JUNCTION","HEJ1","","","false","",""
"QE","LLP3","3679","0.0000","0.1569","BOROUGHBRIDGE RD LC - LONGLANDS LOOP JN VIA UP LOOP (LONGLANDS LOOP)","HEJ1","","","false","",""
"QE","MCB","0","7.0000","7.0110","MARKHAM COLLIERY BRANCH","HEJ2","","","false","",""
"QE","MEB1","3696","0.0000","3.0769","MOORGATE BRANCH","HEJ4","","","false","",""
"QE","MEG","0","0.0000","0.0308","MARSH EAST JNC MARSH NORTH JNC","HEJ3","","","false","",""
"QE","MJS2","0","0.0000","10.1562","(CLOSED) ASHBY DE LA ZOUCH TO CHELLASTON EAST JCN","HEJ8","","","false","",""
"QE","MMC","3966","0.0000","0.1342","MARKHAM MAIN COLLIERY","HEJ2","","","false","",""
"QE","NEC1","3535","0.0939","0.1320","NEWCASTLE - CARLISLE (KING EDWARD BRIDGE STH JN - MILEAGE CHANGE)","HEJ8","","","false","",""
"QE","NEK","3703","0.0000","3.0441","SUNDERLAND TO SOUTH HYLTON (METRO EXTENSION)","HEJ8","","","false","",""
"QE","NEN1","3705","0.0242","1.0067","NEWBURN BRANCH (NEWCASTLE WEST JN TO MILEAGE CHANGE)","HEJ8","","","false","",""
"QE","NLF","3016","-0.0318","-0.0220","NORWOOD JN TO LOW FELL","HEJ8","","","false","",""
"QE","NOB1","3236","16.0045","22.0044","NOTTINGHAM E JN - LINCOLN 32MP","HEJ3","","","false","",""
"QE","NOC","3092","5.0902","9.0176","NORMANTON COLTON JN","HEJ1","","","false","",""
"QE","NOG1","6680","106.0176","106.0660","GRANTHAM - NETHERFIELD JN - NOTTINGHAM (PART CLOSED)","HEJ3","","","false","",""
"QE","NSE","3095","0.0000","0.0454","NEWARK SOUTH JNC EAST JNC","HEJ3","","","false","",""
"QE","PDL","4115","97.1408","98.0330","PELAW DOWN LINK LINE","HEJ8","","","false","",""
"QE","PED5","3557","19.0177","22.1233","PENISTONE-DONCASTER (FORMER MEXBORO EAST JCN TO DONCASTER SOUTH YORKS JCN)","HEJ3","","","false","",""
"QE","PHS","0","76.1426","76.1460","PETERBOROUGH SIDINGS","HEJ2","","","false","",""
"QE","PLG1","3752","100.1424","101.0330","PARK LANE JN TO FORMER HIGH ST JN","HEJ8","","","false","",""
"QE","PLG2","3753","0.0000","0.0478","FORMER HIGH ST JN TO GREENSFIELD JN","HEJ8","","","false","",""
"QE","PMJ","2488","13.1321","22.0484","MANTON JN - PETERBOROUGH","HEJ2","","","false","",""
"QE","PUL","3758","97.1408","98.0088","PELAW UP LINK LINE","HEJ8","","","false","",""
"QE","REB4","3765","-0.0088","0.0396","CASTLE HILLS JN - CASTLE HILLS INNER JN","HEJ1","","","false","",""
"QE","REX1","0","0.0000","0.0836","OLLERTON WEST JN - REXCO SIDINGS","HEJ2","","","false","",""
"QE","REX2","0","4.1716","5.0440","MILEAGE CHANGE TO REXCO SIDINGS","HEJ2","","","false","",""
"QE","RWS","0","1.0682","1.1210","RIVER WEAR COMMISIONERS","HEJ8","","","false","",""
"QE","SBR","6698","32.0248","45.1320","SHEPRETH BRANCH","HEJ4","","","false","",""
"QE","SES","3115","0.0000","2.0946","SEAL SANDS BRANCH","HEJ8","","","false","",""
"QE","SFL","0","60.1100","61.0990","STOCKTON FRIEGHTLINER","HEJ8","","","false","",""
"QE","SJB","3120","22.0795","22.1192","ST JAMES JNC BRIDGE JNC","HEJ3","","","false","",""
"QE","SKA","3769","-0.0176","0.1364","SKELLOW JN ADWICK JN","HEJ3","","","false","",""
"QE","SPD4","4062","107.0881","115.1584","TRENT WEST JN - BESSACARR","HEJ3","","","false","",""
"QE","SPD5","4063","115.1583","117.0974","BESSACARR - DECOY NTH JN DONCASTER","HEJ3","","","false","",""
"QE","STF","3133","10.1321","10.1584","NORTON SOUTH JN - FERRYHILL SOUTH JN","HEJ8","","","false","",""
"QE","TCW1","3842","169.0352","170.0990","TEMPLE HIRST JN - SELBY SOUTH JN","HEJ1","","","false","",""
"QE","TEY","0","0.0000","300.0000","TYNE YARD","HEJ8","","","false","",""
"QE","TJG1","3859","7.1508","9.0321","THORNE JN - THORNE NORTH STN COM","HEJ3","","","false","",""
"QE","TJG2","3861","13.0771","14.0000","THORNE NORTH STN COM - GILBERDYKE  {MILEAGE RUNS IN OPPOSITE DIRECTION}","HEJ3","","","false","",""
"QE","TMP","0","163.0979","164.1004","THORPE MARSH POWER STATION","HEJ2","","","false","",""
"QE","TSC","0","137.0289","145.1518","TIBSHELF + BLACKWELL BRCH JN - SILVERHILL COLLIERY AND EXTENSION","HEJ8","","","false","",""
"QE","UDS","6321","15.1210","16.1234","UP DECOY SIDINGS","HEJ3","","","false","",""
"QE","WDU","7083","0.0000","1.1399","WERRINGTON DIVE UNDER","HEJ2","","","false","",""
"QE","WEB","3168","79.0759","82.0440","WERRINGTON BRANCH","HEJ2","","","false","",""
"QE","WHR","3183","63.1585","64.0638","WHISKERHILL JNC RETFORD JNC","HEJ3","","","false","",""
"QE","WTB","6051","1.1373","3.0660","WEST BLYTH STAITHS","HEJ8","","","false","",""
"QE","YDS","4126","15.0308","15.1562","ST CATHERINES JN - DECOY SOUTH JN","HEJ3","","","false","",""
"QE","YMS","3192","0.0028","1.0990","YORK MALTON SCARBOROUGH","HEJ1","","","false","",""
