"Hazard ID","ELR","Start Mileage","Zonecode","BRS","End Mileage","Track ID","IDENTIFIER","Item Code","MAP","Easting","Northing","Local Name","Subzone","Status","Verified","Parent ID","Parent GRP","Photograph File","Position","Condition","Condition Date","Purpose/Usage","Line No","Intermim Ref No","Last Updated","Last Updater","Maintainer","Year of Birth","Year of Death","Verification Stage","Verification Date","Track Description","Additional Information","OS GRID REF"
"110113327","DEL","0.0126","ST","","0.0127","","","MA","","","","","W","","","","","","","","","","","110113327","1999-11-29","","","","","","","","",""
"100000808","DEL","39.0735","ST","","40.044","2100","","MAP","","563009.0","171612.0","Off Downs Rd on Right Side North of Bridge","XXX","","","","","","","","","Access Path","","100000808","2024-01-19","","","","","","","Down Main/Fast","Access Path to Turnouts on Down CTRL - Access Path Approx. 440 Meters",""
"100001964","DEL","40.014","ST","","40.014","2100","","MAP","","563353.0","171393.0","At End of Access Track","XXX","","","","","","","","","Auth Access - pedestrians","","100001964","2024-01-19","","","","","","","Down Main/Fast","Access Stairs to Down Track Turnouts",""
"100001965","DEL","40.014","ST","","40.014","1100","","MAP","","563331.0","171342.0","At Turnouts","XXX","","","","","","","","","Auth Access - pedestrians","","100001965","2024-01-19","","","","","","","Up Main/Fast","Access Stairs to Up Track Turnouts",""
"100001992","DEL","44.048","ST","","44.048","2100","","MAP","","567416.0","169729.0","Off Scotland Lane Bridge North Side","XXX","","","","","","","","","Auth Access - pedestrians","","100001992","2024-01-19","","","","","","","Down Main/Fast","Access Stairs to Down Line at Scotland Lane",""
"100001994","DEL","44.053","ST","","44.053","1100","","MAP","","567389.0","169650.0","Off Scotland Lane Bridge South Side","XXX","","","","","","","","","Auth Access - pedestrians","","100001994","2024-01-19","","","","","","","Up Main/Fast","Access Stairs to Up Line at Scotland Lane",""
"100001996","DEL","45.02","ST","","45.02","1100","","MAP","","568075.0","169566.0","Off Brewers Rd South Side of Bridge","XXX","","","","","","","","","Auth Access - pedestrians","","100001996","2024-01-19","","","","","","","Up Main/Fast","Pedestrian Access at Stairs to up Line at Halfpence Lane Tunnel",""
"100001998","DEL","46.053","ST","","46.053","1100","","MAP","","569370.0","169443.0","From Park Pale Underbridge","XXX","","","","","","","","","Auth Access - pedestrians","","100001998","2024-01-19","","","","","","","Up Main/Fast","Access Stairs to Up Line at Park Pale",""
"100004284","DEL","51.0505","ST","","51.0505","1100","","MAP","","572841.0","166139.0","Off Burnham Road","XXX","","","","","","","","","","","100004284","2024-01-19","","","","","","","Up Main/Fast","Authorised Pedestrian Access to Drainage Soakaway Area",""
"100004321","DEL","58.045","ST","","58.045","1100","","MAP","","575547.0","159826.0","Near Oakvale Dry Valley Culvert","XXX","","","","","","","","","","","100004321","2024-01-19","","","","","","","Up Main/Fast","Authorised Access to Up Line at Oakvale Dry Valley",""
"100004324","DEL","58.084","ST","","58.084","1100","","MAP","","575805.0","159525.0","Near Boarley Dry Valley Culvert","XXX","","","","","","","","","","","100004324","2024-01-19","","","","","","","Up Main/Fast","Authorised Access to Up Line at Boarley Dry Valley",""
"100004329","DEL","59.0245","ST","","59.0245","2100","","MAP","","576097.0","159252.0","Off Boarley Lane Down CTRL Vehicle Turning Head","XXX","","","","","","","","","","","100004329","2024-01-19","","NV","","","","","Down Main/Fast","Authorised Access to Down Line at Boarley Farm Access Road",""
"100004333","DEL","59.027","ST","","59.027","1100","","MAP","","576102.0","159225.0","End of Boarley Lane Up CTRL Access Road","XXX","","","","","","","","","","","100004333","2024-01-19","","NV","","","","","Up Main/Fast","Authorised Access Gate to Up Line at Boarley Lane Access Road",""
"100004338","DEL","60.015","ST","","60.015","1100","","MAP","","576731.0","158624.0","Off Donkey Shaws Farm Track South of Tunnel","XXX","","","","","","","","","","","100004338","2024-01-19","","NV","","","","","Up Main/Fast","Authorised Access to Up and Down Line at Boxley Tunnel West/London Portal",""
"100004351","DEL","60.0498","ST","","60.0498","2100","","MAP","","577084.0","158485.0","At Bottom of Access Path","XXX","","","","","","","","","","","100004351","2024-01-19","","NV","","","","","Down Main/Fast","Authorised Access to Down Line at Boxley Tunnel East/Country Portal",""
"100004363","DEL","61.011","ST","","61.011","1100","","MAP","","577617.0","158181.0","At Harbourlands Farm Drain Culvert","XXX","","","","","","","","","","","100004363","2024-01-19","","NV","","","","","Up Main/Fast","Authorised Access to Up Line at Harbourlands Farm Drain",""
"100004371","DEL","62.002","ST","","62.002","2100","","MAP","","578447.0","157825.0","From Path to North of Workhouse Accom. Bridge","XXX","","","","","","","","","","","100004371","2024-01-19","","NV","","","","","Down Main/Fast","Authorised Access to Down Line at Workhouse Accommodation Bridge",""
"100004374","DEL","62.002","ST","","62.002","1100","","MAP","","578441.0","157811.0","From Path to South of Workhouse Accom. Bridge","XXX","","","","","","","","","","","100004374","2024-01-19","","NV","","","","","Up Main/Fast","Authorised Access to Up Line at Workhouse Accommodation Bridge",""
"100004379","DEL","62.0485","ST","","62.0485","2100","","MAP","","578874.0","157631.0","Next to Horish Wood Dry Valley Culvert","XXX","","","","","","","","","","","100004379","2024-01-19","","NV","","","","","Down Main/Fast","Authorised Access to Down Line at Horish Wood",""
"100004381","DEL","62.0485","ST","","62.0485","1100","","MAP","","578868.0","157616.0","Next to Horish Wood Dry Valley Culvert","XXX","","","","","","","","","","","100004381","2024-01-19","","NV","","","","","Up Main/Fast","Authorised Access to Up Line at Horish Wood",""
"100004387","DEL","62.07","ST","","62.07","1100","","MAP","","579064.0","157526.0","Off Hockers Lane","XXX","","","","","","","","","","","100004387","2024-01-19","","NV","","","","","Up Main/Fast","Authorised Access to Up Line at Hockers Lane",""
"100004394","DEL","62.091","ST","","62.091","1100","","MAP","","579254.0","157440.0","Next to Detling Dry Valley Culvert","XXX","","","","","","","","","","","100004394","2024-01-19","","NV","","","","","Up Main/Fast","Authorised Access to Up Line at Detling Dry Valley",""
"100004392","DEL","62.0915","ST","","62.0915","2100","","MAP","","579265.0","157452.0","Next to Detling Dry Valley Culvert","XXX","","","","","","","","","","","100004392","2024-01-19","","NV","","","","","Down Main/Fast","Authorised Access to Down Line at Detling Dry Valley",""
"100004396","DEL","63.011","ST","","63.011","2100","","MAP","","579444.0","157369.0","Next to Honeyhills Dry Valley Culvert","XXX","","","","","","","","","","","100004396","2024-01-19","","NV","","","","","Down Main/Fast","Access Gate to Down Line at Honeyhills Dry Valley",""
"100004398","DEL","63.012","ST","","63.012","1100","","MAP","","579445.0","157352.0","Next to Honeyhills Dry Valley Culvert","XXX","","","","","","","","","","","100004398","2024-01-19","","NV","","","","","Up Main/Fast","Access Gate to Up Line at Honeyhills Dry Valley",""
"100004407","DEL","63.093","ST","","63.093","2100","","MAP","","580152.0","156955.0","Off Thurnham Lane North of Bridge","XXX","","","","","","","","","","","100004407","2024-01-19","","NV","","","","","Down Main/Fast","Authorised Access to Down Line at Thurnham Lane",""
"100004412","DEL","63.099","ST","","63.099","1100","","MAP","","580190.0","156909.0","Off Thurnham Lane South of Bridge","XXX","","","","","","","","","","","100004412","2024-01-19","","NV","","","","","Up Main/Fast","Access Gate to Up Line at Thurnham Lane",""
"100004414","DEL","64.048","ST","","64.048","2100","","MAP","","580581.0","156614.0","At Gore Wood Dry Valley","XXX","","","","","","","","","","","100004414","2024-01-19","","NV","","","","","Down Main/Fast","Authorised Access to Down Line at Gore Wood Dry Valley",""
"100004416","DEL","64.087","ST","","64.087","1100","","MAP","","580863.0","156344.0","At End of Access Road M20 side of Bridge","XXX","","","","","","","","","","","100004416","2024-01-19","","NV","","","","","Up Main/Fast","Authorised Access to Up Line at Water Lane Up CTRL",""
"100004420","DEL","64.0875","ST","","64.0875","2100","","MAP","","580877.0","156352.0","At Bottom of Stairs off Water Lane","XXX","","","","","","","","","","","100004420","2024-01-19","","NV","","","","","Down Main/Fast","Authorised Access to Down Line at Water Lane",""
"100004433","DEL","65.098","ST","","65.098","2100","","MAP","","581721.0","155643.0","At Bottom of Crismill Lane Down CTRL Stairs","XXX","","","","","","","","","","","100004433","2024-01-19","","NV","","","","","Down Main/Fast","Authorised Access to Down Line at Crismill Lane",""
"100004435","DEL","65.098","ST","","65.098","1100","","MAP","","581711.0","155632.0","At Bottom of Crismill Lane Up CTRL Stairs","XXX","","","","","","","","","","","100004435","2024-01-19","","NV","","","","","Up Main/Fast","Authorised Access to Up Line at Crismill Lane",""
"100004440","DEL","66.056","ST","","66.056","1100","","MAP","","582164.0","155260.0","At end of Maidstone Services Utility Access Road","XXX","","","","","","","","","","","100004440","2024-01-19","","NV","","","","","Up Main/Fast","Authorised Access to Up Line at MSA Utilities Underbridge",""
"100004448","DEL","66.0655","ST","","66.0655","1100","","MAP","","582238.0","155199.0","Country End of Balancing Pond Retaining wall","XXX","","","","","","","","","","","100004448","2024-01-19","","NV","","","","","Up Main/Fast","Authorised Access to Up Line at Country end of M20 Balancing Pond",""
"100004455","DEL","67.041","ST","","67.041","2100","","MAP","","582834.0","154737.0","At End of Musket Lane","XXX","","","","","","","","","","","100004455","2024-01-19","","NV","","","","","Down Main/Fast","Authorised Access to Down Line at Musketstone Stream Culvert",""
"100004466","DEL","67.064","ST","","67.064","1100","","MAP","","582985.0","154547.0","On Access Path to London End of Eyhorne Tunnel","XXX","","","","","","","","","","","100004466","2024-01-19","","NV","","","","","Up Main/Fast","Authorised Access to Both Lines off Path to London End of Eyhorne Tunnel",""
"100004476","DEL","68.008","ST","","68.008","1100","","MAP","","583375.0","154343.0","Country End of Eyhorne Tunnel","XXX","","","","","","","","","","","100004476","2024-01-19","","NV","","","","","Up Main/Fast","Access to Up Line leading to tunnel entrance at 68.000km where authorised pedestrian access can be gained to both lines at Country End of Eyhorne Tunnel",""
"100004488","DEL","69.011","ST","","69.011","1100","","MAP","","584172.0","153702.0","From Hospital Road Access Stairs Up CTRL","XXX","","","","","","","","","","","100004488","2024-01-19","","NV","","","","","Up Main/Fast","Authorised Access to Up Line at Hospital Road",""
"100004496","DEL","69.0703","ST","","69.0703","2100","","MAP","","584648.0","153342.0","Side Of Bridge Away from M20","XXX","","","","","","","","","","","100004496","2024-01-19","","NV","","","","","Down Main/Fast","Authorised Access to Down Line at A20 Road Bridge London End",""
"100004499","DEL","69.0705","ST","","69.0705","1100","","MAP","","584638.0","153327.0","M20 Side Of Bridge","XXX","","","","","","","","","","","100004499","2024-01-19","","NV","","","","","Up Main/Fast","Authorised Access to Stairs to Up Line at A20 Road Bridge London End",""
"100004505","DEL","69.077","ST","","69.077","1100","","MAP","","584693.0","153292.0","M20 Side Of Bridge","XXX","","","","","","","","","","","100004505","2024-01-19","","NV","","","","","Up Main/Fast","Authorised Access to Up Line at A20 Road Bridge Country End",""
"100004507","DEL","69.0775","ST","","69.0775","2100","","MAP","","584706.0","153300.0","Side Of Bridge Away from M20","XXX","","","","","","","","","","","100004507","2024-01-19","","NV","","","","","Down Main/Fast","Authorised Access to Down Line at A20 Road Bridge Country End",""
"100004509","DEL","70.028","ST","","70.028","1100","","MAP","","585130.0","153028.0","From M20 Side of Chegworth Lane Underpass","XXX","","","","","","","","","","","100004509","2024-01-19","","NV","","","","","Up Main/Fast","Authorised Access to Up Line at Chegworth Lane",""
"100004514","DEL","70.076","ST","","70.076","2100","","MAP","","585570.0","152836.0","Next to Holm Mill Stream Culvert Down CTRL","XXX","","","","","","","","","","","100004514","2024-01-19","","NV","","","","","Down Main/Fast","Authorised Access to Down Line at Holm Mill Stream Culvert",""
"100004521","DEL","71.069","ST","","71.069","2100","","MAP","","586425.0","152475.0","From Fairbourne Lane Maintenance Access Area","XXX","","","","","","","","","","","100004521","2024-01-19","","NV","","","","","Down Main/Fast","Authorised Access to Stairs to Down Line at Fairbourne Lane",""
"100004530","DEL","71.077","ST","","71.077","1100","","MAP","","586468.0","152423.0","At Fairbourne Lane Bridge","XXX","","","","","","","","","","","100004530","2024-01-19","","NV","","","","","Up Main/Fast","Authorised Access to Up Line at Fairbourne Lane",""
"100004532","DEL","71.094","ST","","71.094","2100","","MAP","","586646.0","152348.0","At Fairbourne Lane Culvert Down CTRL","XXX","","","","","","","","","","","100004532","2024-01-19","","NV","","","","","Down Main/Fast","Authorised Access to Down Line at Fairbourne Lane Culvert",""
"100004546","DEL","72.042","ST","","72.042","1100","","MAP","","587051.0","152079.0","From Bell Farm Maintenance Access Area","XXX","","","","","","","","","","","100004546","2024-01-19","","NV","","","","","Up Main/Fast","Authorised Access to Up Line at Bell Farm Access Bridge",""
"100004550","DEL","72.043","ST","","72.043","2100","","MAP","","587060.0","152090.0","Bell Farm Access Road Bridge away from M20","XXX","","","","","","","","","","","100004550","2024-01-19","","NV","","","","","Down Main/Fast","Authorised Access to Down Line at Bell Farm Access Bridge",""
"100004555","DEL","73.026","ST","","73.026","1100","","MAP","","587743.0","151623.0","At Boldrewood Stream Culvert Up CTRL","XXX","","","","","","","","","","","100004555","2024-01-19","","NV","","","","","Up Main/Fast","Authorised Access to Up Line at Boldrewood Stream Culvert",""
"100004562","DEL","73.029","ST","","73.029","2100","","MAP","","587781.0","151620.0","At Boldrewood Stream Culvert Down CTRL","XXX","","","","","","","","","","","100004562","2024-01-19","","NV","","","","","Down Main/Fast","Authorised Access to Down Line at Boldrewood Stream Culvert",""
"100004572","DEL","73.061","ST","","73.061","1100","","MAP","","588060.0","151458.0","At end of Path from Sandway Mtce Access Area","XXX","","","","","","","","","","","100004572","2024-01-22","","NV","","","","","Up Main/Fast","Authorised Access to Up Line at Sandway Road",""
"100004584","DEL","74.024","ST","","74.024","1100","","MAP","","588637.0","151211.0","Off Sandway Tunnel Maintenance Access Area","XXX","","","","","","","","","","","100004584","2024-01-22","","NV","","","","","Up Main/Fast","Authorised Access leading to access stairs to both lines to Sandway Tunnel London End",""
"100004590","DEL","74.032","ST","","74.032","1100","","MAP","","588701.0","151160.0","Off Headcorn Road","XXX","","","","","","","","","","","100004590","2024-01-22","","NV","","","","","Up Main/Fast","Authorised Access leading to access stairs to both Lines at Sandway Tunnel Country End",""
"100004605","DEL","75.009","ST","","75.009","2100","","MAP","","589383.0","150803.0","Bottom of Stairs at Lenham Heath Rd Bridge","XXX","","","","","","","","","","","100004605","2024-01-22","","NV","","","","","Down Main/Fast","Authorised Access to Down Line at Lenham Heath Rd Bridge",""
"100004616","DEL","76.003","ST","","76.003","2100","","MAP","","590159.0","150269.0","From Bowley Lane Maintenance Access Area Down CTRL","XXX","","","","","","","","","","","100004616","2024-01-22","","NV","","","","","Down Main/Fast","Authorised Access to Path to Down Line at Bowley Lane Maintenance Access Area",""
"100004652","DEL","77.0875","ST","","77.0875","2100","","MAP","","591664.0","149219.0","At End of Access Path from Balancing Pond","XXX","","","","","","","","","","","100004652","2024-01-22","","NV","","","","","Down Main/Fast","Authorised Access to Down Line at Lenham Heath Balancing Pond",""
"100004666","DEL","78.064","ST","","78.064","2100","","MAP","","592320.0","148819.0","Egerton Road","XXX","","","","","","","","","","","100004666","2024-01-22","","NV","","","","","Down Main/Fast","Emergency Services Access Gate to Lineside at Down Equipment Area",""
"100004695","DEL","81.036","ST","","81.036","2100","","MAP","","594719.0","147577.0","Leacon Lane West","XXX","","","","","","","","","","","100004695","2024-01-22","","NV","","","","","Down Main/Fast","Emergency Access Gate to Down Line at Leacon Lane West",""
"100004707","DEL","82.029","ST","","82.029","2100","","MAP","","595641.0","147503.0","Broad Mead Access off Leacon Lane","XXX","","","","","","","","","","","100004707","2024-01-22","","NV","","","","","Down Main/Fast","Emergency Access Gate to Down Line at Broad Mead Access",""
"100004711","DEL","82.0295","ST","","82.0295","1100","","MAP","","595647.0","147486.0","Broad Mead Access off Leacon Lane","XXX","","","","","","","","","","","100004711","2024-01-22","","NV","","","","","Up Main/Fast","Emergency Access Gate to Up Line at Broad Mead Access",""
"100004713","DEL","82.055","ST","","82.055","2100","","MAP","","595902.0","147475.0","Leacon Lane Drive","XXX","","","","","","","","","","","100004713","2024-01-22","","NV","","","","","Down Main/Fast","Emergency Access Gate to Access Gates on Both Lines at Leacon Lane",""
"100004733","DEL","83.071","ST","","83.071","1100","","MAP","","596942.0","147000.0","??Access off M20 London Bound carriageway","XXX","","","","","","","","","","","100004733","2024-01-22","","NV","","","","","Up Main/Fast","Emergency Access Gate to Access Gates on Both Lines at Tutt Hill Bridge",""
"100004741","DEL","84.011","ST","","84.011","1100","","MAP","","597316.0","146845.0","Westwell Lane Diversion","XXX","","","","","","","","","","","100004741","2024-01-22","","NV","","","","","Up Main/Fast","Emergency Access Gate to Up Line at Westwell Lane",""
"100004743","DEL","85.023","ST","","85.023","2100","","MAP","","598072.0","146038.0","Station Rd Diversion","XXX","","","","","","","","","","","100004743","2024-01-22","","NV","","","","","Down Main/Fast","Emergency Access Gate to Down Line at Station Rd.",""
"100004752","DEL","87.01","ST","","87.01","2100","","MAP","","598836.0","144329.0","Godington Lane Diversion","XXX","","","","","","","","","","","100004752","2024-01-22","","NV","","","","","Down Main/Fast","Emergency Access Gate to Down Line at Godington Lane",""
"100004754","DEL","87.01","ST","","87.01","1100","","MAP","","598808.0","144311.0","Godington Lane Diversion","XXX","","","","","","","","","","","100004754","2024-01-22","","NV","","","","","Up Main/Fast","Emergency Access Gate to Up Line at Godinton Lane",""
"100004799","DEL","94.027","ST","","94.027","2100","","MAP","","604352.0","139833.0","Blind Lane","XXX","","","","","","","","","","","100004799","2024-01-22","","NV","","","","","Down Main/Fast","Access Gate to Up Line",""
"100004800","DEL","94.028","ST","","94.028","2100","","MAP","","604385.0","139827.0","Blind Lane","XXX","","","","","","","","","","","100004800","2024-01-22","","NV","","","","","Down Main/Fast","Access Gate to Down Line",""
"100004811","DEL","95.0303","ST","","95.0303","1100","","MAP","","605144.0","139216.0","Country end of Tunnel","XXX","","","","","","","","","","","100004811","2024-01-22","","NV","","","","","Up Main/Fast","Authorised Access to Up Line at Mersham Tunnel",""
"100004812","DEL","95.031","ST","","95.031","2100","","MAP","","605236.0","139263.0","Country end of Tunnel","XXX","","","","","","","","","","","100004812","2024-01-22","","NV","","","","","Down Main/Fast","Authorised Access to Down Line at Mersham Tunnel",""
"100004816","DEL","97.0022","ST","","97.0022","2100","","MAP","","606735.0","138464.0","Station Rd Bridge","XXX","","","","","","","","","","","100004816","2024-01-22","","NV","","","","","Down Main/Fast","Authorised Pedestrian Access to Down Line at Station Rd Bridge???",""
"100004825","DEL","98.04","ST","","98.04","2100","","MAP","","608094.0","138243.0","From Church Lane","XXX","","","","","","","","","","","100004825","2024-01-22","","NV","","","","","Down Main/Fast","Authorised Pedestrian Access to Sellindge Feeder Station on Down??",""
"100004835","DEL","99.0769","ST","","99.0769","2100","","MAP","","609431.0","137953.0","Harringe Lane","XXX","","","","","","","","","","","100004835","2024-01-22","","NV","","","","","Down Main/Fast","Authorised Pedestrian Access to Down Line at Harringe Lane",""
"100004836","DEL","99.0774","ST","","99.0774","1100","","MAP","","609429.0","137927.0","Harringe Lane","XXX","","","","","","","","","","","100004836","2024-01-22","","NV","","","","","Up Main/Fast","Authorised Pedestrian Access to Down Line at Harringe Lane",""
"100004839","DEL","101.0065","ST","","101.0065","1100","","MAP","","610694.0","137707.0","A20 Grove Bridge","XXX","","","","","","","","","","","100004839","2024-01-22","","NV","","","","","Up Main/Fast","Authorised Pedestrian Access Up Line at A20 Grove Bridge",""
"100004840","DEL","101.012","ST","","101.012","2100","","MAP","","610757.0","137710.0","A20 Grove Bridge at NGC Access","XXX","","","","","","","","","","","100004840","2024-01-22","","NV","","","","","Down Main/Fast","Authorised Pedestrian Access to Down Line at A20 Grove Bridge",""
"100005045","DEL","105.0075","ST","","105.011","1100","","MAP","","614640.0","136870.0","Off Sandling Road Bridge","XXX","","","","","","","","","","","100005045","2024-01-22","","NV","","","","","Up Main/Fast","Access Path to Stairs on Up Line at Sandling Road Bridge",""
"100004870","DEL","106.021","ST","","106.021","1100","","MAP","","615779.0","136866.0","Stone Farm Bridleway Overbridge","XXX","","","","","","","","","","","100004870","2024-01-22","","NV","","","","","Up Main/Fast","Authorised Pedestrian Access to the Up Line",""
"100004877","DEL","106.023","ST","","106.09","1100","","MAP","","615779.0","136866.0","From Stone Farm Bridleway Overbridge","XXX","","","","","","","","","","","100004877","2024-01-22","","NV","","","","","Up Main/Fast","Authorised Pedestrian Access to Up Lineside Area at Stone Farm",""
"100004885","DEL","107.0818","ST","","107.0818","2100","","MAP","","617349.0","137214.0","Off Northern End of Hythe Rd Bridge","XXX","","","","","","","","","","","100004885","2024-01-22","","NV","","","","","Down Main/Fast","Authorised Pedestrian Access to Down Line at Hythe Rd.",""
"100004888","DEL","107.084","ST","","107.084","1100","","MAP","","617391.0","136989.0","At Southern End of Hythe Rd Bridge","XXX","","","","","","","","","","","100004888","2024-01-22","","NV","","","","","Up Main/Fast","Authorised Pedestrian Access to Up Line at Hythe Rd.",""
"100002019","DEL","200.0091","ST","","200.0091","2100","","MAP","","558988.0","169244.0","Off Canada Farm Rd At Pinden End Cottage","XXX","","","","","","","","","Auth Access - pedestrians","","100002019","2024-01-19","","NV","","","","","Down Main/Fast","Access Gate to Stairs to Down Line at Pinden Rd Bridge",""
"100000761","DEL","200.011","ST","","200.011","2100","","MAP","","558988.0","169244.0","At Pinden End Cottage","XXX","","","","","","","","","Pedestrian Access","","100000761","2024-01-19","","NV","","","","","Down Main/Fast","Access to Stairs At Pinden Rd Bridge Down Line - MLG71 Pedestrian Access",""
"100000762","DEL","200.019","ST","","200.019","2100","","MAP","","559054.0","169216.0","Between Pinden End Cottage & SubStation","XXX","","","","","","","","","Pedestrian Access","","100000762","2024-01-19","","NV","","","","","Down Main/Fast","Access to Fawkham Jnct Down - MLG71A Pedestrian Access",""
"100000763","DEL","200.0275","ST","","200.0275","2100","","MAP","","559140.0","169196.0","Fawkham Junction Sub Station","XXX","","","","","","","","","Pedestrian Access","","100000763","2024-01-19","","NV","","","","","Down Main/Fast","Access to Fawkham Jnct Sub Station - MLG71B Pedestrian Access",""
"100000765","DEL","200.0405","ST","","200.0405","2100","","MAP","","559270.0","169202.0","Fawkham Junction","XXX","","","","","","","","","Pedestrian Access","","100000765","2024-01-19","","NV","","","","","Down Main/Fast","Access to Fawkham Jnct Down at Laydown Area - MLG73 Pedestrian Access",""
"100002027","DEL","202.038","ST","","202.038","1100","","MAP","","560524.0","170667.0","East Side of Underbridge","XXX","","","","","","","","","Pedestrian Access","","100002027","2024-01-19","","NV","","","","","Up Main/Fast","Access to Landscaped area",""
"100002030","DEL","202.058","ST","","202.058","2100","","MAP","","560589.0","170854.0","From Isolation Transformer Site","XXX","","","","","","","","","Auth Access - pedestrians","","100002030","2024-01-19","","NV","","","","","Down Main/Fast","Access Stairs from Isolation Transformer Site on Down",""
"100004921","DEL","203.076","ST","","204.051","1100","","MAP","","561316.0","171784.0","Dale Road","XXX","","","","","","","","","","","100004921","2024-01-22","","NP","","","","","Up Main/Fast","Access off Dale Road",""
"100000801","DEL","39.028","ST","","39.057","1100","","MAV","","562858.0","171678.0","Off Downs Rd North of Bridge","XXX","","","","","","","","","Access Road","","100000801","2024-01-19","","","","","","","Up Main/Fast","Access Track to Infiltration Pond 64 Up CTRL - Access Road Approx. 294 metres",""
"100000819","DEL","40.055","ST","","40.079","2100","","MAV","","563936.0","171183.0","Northumberland Bottom","XXX","","","","","","","","","Access Road","","100000819","2024-01-19","","","","","","","Down Main/Fast","Access Road to BT Relay Station off Wrotham Road access track at 40.950 km Approx. 290 metres",""
"100000820","DEL","40.063","ST","","40.076","2100","","MAV","","563806.0","171177.0","Off Wrotham Rd North Side of Bridge","XXX","","","","","","","","","Assembly/Layout Area","","100000820","2024-01-19","","","","","","","Down Main/Fast","Northumberland Bottom Down Trackside Layout Area - Assembly/Layout Area Approx. 149 metres",""
"100000822","DEL","40.076","ST","","40.0975","2100","","MAV","","563936.0","171124.0","Off Wrotham Rd North Side of Bridge","XXX","","","","","","","","","Access Road","","100000822","2024-01-19","","","","","","","Down Main/Fast","Access to Northumberland Bottom Down Trackside Layout Area - Access Road",""
"100001966","DEL","40.076","ST","","40.0975","2100","","MAV","","564098.0","171081.0","Off Wrotham Rd North Side of Bridge","XXX","","","","","","","","","Auth Access - vehicles","","100001966","2024-01-19","","","","","","","Down Main/Fast","Access Road to Northumberland Bottom Down Lineside Layout Area",""
"100000821","DEL","40.078","ST","","40.078","2100","","MAV","","563936.0","171124.0","Off Wrotham Rd North Side of Bridge","XXX","","","","","","","","","Vehicle Access","","100000821","2024-01-19","","","","","","","Down Main/Fast","Access Road to Northumberland Bottom Down Trackside Layout Area - Vehicle Access",""
"100000824","DEL","40.078","ST","","40.086","1100","","MAV","","563997.0","171066.0","Off Wrotham Rd South Side of Bridge","XXX","","","","","","","","","Assembly/Layout Area","","100000824","2024-01-19","","","","","","","Up Main/Fast","Northumberland Bottom Up Trackside Layout Area - Assembly/Layout Area Approx. 127 metres",""
"100000826","DEL","40.086","ST","","41.0","1100","","MAV","","564099.0","170997.0","Off Wrotham Rd South Side of Bridge","XXX","","","","","","","","","Access Road","","100000826","2024-01-19","","","","","","","Up Main/Fast","Access Road to Northumberland Bottom Up Trackside Layout Area - Access Road",""
"100000830","DEL","40.099","ST","","41.014","2100","","MAV","","564141.0","171056.0","Off Wrotham Rd North Side of Bridge","XXX","","","","","","","","","Access Road","","100000830","2024-01-19","","","","","","","Down Main/Fast","Singlewell Freight Loop Trackside Access Road - Down CTRL - Access Road Approx.175 metres",""
"100000943","DEL","41.002","ST","","41.0115","1100","","MAV","","564117.0","170942.0","Off Landway Cottage Access Road","XXX","","","","","","","","","Auth Access - vehicles","","100000943","2024-01-19","","","","","","","Up Main/Fast","Singlewell Freight Loop Trackside Access Road Approx. 100 metres",""
"100000945","DEL","41.0115","ST","","43.012","2500","","MAV","","564213.0","170927.0","Off Wrotham Rd and Henhurst Rd","XXX","","","","","","","","","Assembly/Layout Area","","100000945","2024-01-19","","","","","","","Down Loop","Singlewell Freight Loop Trackside Access Areas Approx. 2 kms",""
"100000972","DEL","41.0115","ST","","43.012","1500","","MAV","","564213.0","170927.0","Off Wrotham Rd and Church Rd","XXX","","","","","","","","","","","100000972","2024-01-19","","","","","","","Up Loop","Singlewell Freight Loop Trackside Access Areas - Up CTRL - Assembly Layout Area 2kms",""
"100001982","DEL","42.051","ST","","42.051","1500","","MAV","","565489.0","170353.0","Off Church Rd","XXX","","","","","","","","","Auth Access - vehicles","","100001982","2024-01-19","","","","","","","Up Loop","Access Road to Singlewell Freight Loop - Up CTRL Country End Approx. 45 metres",""
"100000984","DEL","43.012","ST","","43.016","2500","","MAV","","566119.0","170215.0","Off Henhurst Road","XXX","","","","","","","","","Access Road","","100000984","2024-01-19","","","","","","","Down Loop","Access to Singlewell Freight Loop Approx.50metres",""
"100000986","DEL","43.019","ST","","43.062","2100","","MAV","","566162.0","170192.0","Off Henhurst Road North of Bridge","XXX","","","","","","","","","Access Road","","100000986","2024-01-19","","","","","","","Down Main/Fast","Access road to Singlewell Feeder Station & Infiltration Pond Approx. 430metres",""
"100000989","DEL","43.038","ST","","43.046","2100","","MAV","","566556.0","170065.0","Singlewell Feeder Station","XXX","","","","","","","","","Assembly / Layout Area","","100000989","2024-01-19","","","","","","","Down Main/Fast","Access from Access Road <Layout area Balfour Beatty>",""
"100000991","DEL","44.027","ST","","44.05","1100","","MAV","","567348.0","169642.0","Scalers Hill","XXX","","","","","","","","","Access Road","","100000991","2024-01-19","","","","","","","Up Main/Fast","Scalers Hill Access Road Approx. 240 metres",""
"100001007","DEL","46.06","ST","","46.06","2100","","MAV","","569465.0","169491.0","Off Roch. and Cobham Golf Club","XXX","","","","","","","","","Access Road","","100001007","2024-01-19","","","","","","","Down Main/Fast","Access to Infiltration Pond",""
"100001999","DEL","46.06","ST","","46.076","2100","","MAV","","569466.0","169491.0","Off Roch. & Cobham Golf Club Access","XXX","","","","","","","","","Auth Access - vehicles","","100001999","2024-01-19","","","","","","","Down Main/Fast","Access Road to Infiltration Pond on Down Line",""
"100001009","DEL","46.075","ST","","46.075","2100","","MAV","","569596.0","169442.0","Roch. and Cobham Golf Club","XXX","","","","","","","","","Vehicle Turning","","100001009","2024-01-19","","","","","","","Down Main/Fast","Infiltration Pond Vehicle Turning Head",""
"100001013","DEL","47.052","ST","","47.099","2100","","MAV","","570476.0","169188.0","Knights Place East","XXX","","","","","","","","","Access Road","","100001013","2024-01-19","","","","","","","Down Main/Fast","Access to Knights Place Auto Transformer",""
"100001016","DEL","47.095","ST","","47.095","2100","","MAV","","570709.0","168905.0","Knights Place","XXX","","","","","","","","","Vehicle Turning Head","","100001016","2024-01-19","","","","","","","Down Main/Fast","Knights Place Auto-Transformer",""
"100002010","DEL","49.092","ST","","50.005","0","","MAV","","571904.0","167364.0","Off A228 roundabout towards Cuxton","XXX","","","","","","","","","Auth Access - vehicles","","100002010","2024-01-19","","","","","","","All/Multiple Tracks","Access Road to Medway Viaduct London End",""
"100004283","DEL","51.03","ST","","51.05","1100","","MAV","","572651.0","166262.0","Off Burnham Road","XXX","","","","","","","","","","","100004283","2024-01-19","","","","","","","Up Main/Fast","Authorised Vehicle Access to Drainage Soakaway Area",""
"100004288","DEL","52.02","ST","","52.093","2100","","MAV","","573384.0","165647.0","Fm Nashenden Farm Off M2 Slip Rd London Bound","XXX","","","","","","","","","","","100004288","2024-01-19","","","","","","","Down Main/Fast","Authorised Vehicle Access to Down Line at Nashenden East",""
"100004294","DEL","52.082","ST","","53.02","1100","","MAV","","573553.0","165030.0","From Stony Lane","XXX","","","","","","","","","","","100004294","2024-01-19","","","","","","","Up Main/Fast","Authorised Vehicle Access to Nashenden West Up Lineside Area",""
"100004304","DEL","54.02","ST","","54.038","2100","","MAV","","574331.0","163674.0","Off Buckmore Park Car Park","XXX","","","","","","","","","","","100004304","2024-01-19","","","","","","","Down Main/Fast","North Downs Tunnel Emergency Vehicle Access Road - London Portal",""
"100004315","DEL","57.08","ST","","58.01","1100","","MAV","","575277.0","160066.0","Off Old Chatham Road","XXX","","","","","","","","","","","100004315","2024-01-19","","","","","","","Up Main/Fast","North Downs Tunnel Emergency Vehicle Up Access Road - Country Portal",""
"100004354","DEL","60.054","ST","","60.054","1100","","MAV","","577113.0","158441.0","Off Boxley Rd  South of Tunnel","XXX","","","","","","","","","","","100004354","2024-01-19","","NV","","","","","Up Main/Fast","Authorised Access to Up Line at Boxley Tunnel East/Country Portal",""
"100004445","DEL","66.065","ST","","66.076","2100","","MAV","","582255.0","155234.0","Frm South east corner of Lorry Park M20 Services","XXX","","","","","","","","","","","100004445","2024-01-19","","NV","","","","","Down Main/Fast","Authorised Access Road to Layout Area and Utility service Area at M20 MSA",""
"100004450","DEL","66.066","ST","","66.066","2100","","MAV","","582256.0","155217.0","Off M20 MSA Access Road","XXX","","","","","","","","","","","100004450","2024-01-19","","NV","","","","","Down Main/Fast","Authorised Access to Down Layout Area and Signalling Room",""
"100004518","DEL","70.098","ST","","70.098","2100","","MAV","","585789.0","152767.0","Off A20 atLondon End of Harrietsham Tunnel","XXX","","","","","","","","","","","100004518","2024-01-19","","NV","","","","","Down Main/Fast","Authorised Access to Down A20 Harrietsham Maintenance Access Area",""
"100004538","DEL","72.02","ST","","72.02","1100","","MAV","","586856.0","152196.0","Access Rd to Bell Farm Utilities Maintenance Area","XXX","","","","","","","","","","","100004538","2024-01-19","","NV","","","","","Up Main/Fast","Access Gate to Bell Farm Utilities mtce Access Area on Up",""
"100004566","DEL","73.038","ST","","73.038","2100","","MAV","","587898.0","151640.0","Off Sandway Road North of CTRL","XXX","","","","","","","","","","","100004566","2024-01-19","","NV","","","","","Down Main/Fast","Authorised Access to Access Road on Down to Sandway Road Auto Transformer",""
"100004612","DEL","75.022","ST","","75.022","1100","","MAV","","589478.0","150711.0","End of Access Lenham Heath Access Rd Up CTRL","XXX","","","","","","","","","","","100004612","2024-01-22","","NV","","","","","Up Main/Fast","Authorised Access to Up Line at Lenham Heath Access Rd",""
"100004629","DEL","76.032","ST","","76.032","1100","","MAV","","590344.0","150034.0","End of Access Rd to Lenham Lineside Assembly Area","XXX","","","","","","","","","","","100004629","2024-01-22","","NV","","","","","Up Main/Fast","Authorised Access to Lenham Up Lineside Assembly Area",""
"100004646","DEL","77.038","ST","","77.038","2100","","MAV","","591278.0","149529.0","Off Lenham Heath Road","XXX","","","","","","","","","","","100004646","2024-01-22","","NV","","","","","Down Main/Fast","Authorised Access to Access Road to Lenham Down Lineside Layout Area",""
"100004648","DEL","77.0425","ST","","77.0425","2100","","MAV","","591289.0","149459.0","End of Access Rd to Lenham Lineside Assembly Area","XXX","","","","","","","","","","","100004648","2024-01-22","","NV","","","","","Down Main/Fast","Authorised Access to Lenham Down Lineside Layout Area",""
"100004663","DEL","78.06","ST","","78.06","2100","","MAV","","592306.0","148875.0","Egerton Road","XXX","","","","","","","","","","","100004663","2024-01-22","","NV","","","","","Down Main/Fast","Authorised Access to Down Equipment Area at Egerton Rd",""
"100004681","DEL","79.08","ST","","79.08","1100","","MAV","","593275.0","148177.0","From Newlands Road","XXX","","","","","","","","","","","100004681","2024-01-22","","NV","","","","","Up Main/Fast","Emergency Access Gate to Up Lineside Area at Lenham Heath Freight Loops",""
"100004684","DEL","79.084","ST","","79.084","2100","","MAV","","593342.0","148204.0","From Hurst Lane","XXX","","","","","","","","","","","100004684","2024-01-22","","NV","","","","","Down Main/Fast","Emergency Access Gate to Down Lineside at Lenham Heath Freight Loops",""
"100004691","DEL","81.033","ST","","81.033","1100","","MAV","","594682.0","147559.0","Leacon Lane Drive","XXX","","","","","","","","","","","100004691","2024-01-22","","NV","","","","","Up Main/Fast","Emergency Access Gate to Up Lineside Area at Leacon Lane",""
"100004700","DEL","82.0065","ST","","82.0065","2100","","MAV","","595417.0","147532.0","Broad Mead Access off Leacon Lane","XXX","","","","","","","","","","","100004700","2024-01-22","","NV","","","","","Down Main/Fast","Emergency Access Gate to Down Lineside Access Area at Broad Mead Access -Leacon Lane",""
"100004723","DEL","82.093","ST","","82.093","1100","","MAV","","596263.0","147373.0","A20 Maidstone Rd. Diversion","XXX","","","","","","","","","","","100004723","2024-01-22","","NV","","","","","Up Main/Fast","Emergency Access Gate to Up Line at A20 Maidstone Rd",""
"100004729","DEL","83.03","ST","","83.03","2100","","MAV","","596625.0","147284.0","A20 Maidstone Rd. Diversion","XXX","","","","","","","","","","","100004729","2024-01-22","","NV","","","","","Down Main/Fast","Emergency Access Gate to Down Lineside Area at A20 Maidstone Rd.",""
"100004749","DEL","86.028","ST","","86.028","2100","","MAV","","598509.0","145072.0","A20 Maidstone Rd <East> Diversion","XXX","","","","","","","","","","","100004749","2024-01-22","","NV","","","","","Down Main/Fast","Emergency Access Gate to Down Lineside Access Area at A20 Maidstone Rd",""
"100004768","DEL","89.038","ST","","89.038","1100","","MAV","","600382.0","142650.0","Gasworks Lane","XXX","","","","","","","","","","","100004768","2024-01-22","","NV","","","","","Up Main/Fast","Emergency Access Gate to Up Chord Lineside Access Area",""
"100004776","DEL","89.065","ST","","89.065","2100","","MAV","","600646.0","142569.0","Gasworks Lane","XXX","","","","","","","","","","","100004776","2024-01-22","","NV","","","","","Down Main/Fast","Emergency Access Gate to Down Lineside Parking Area",""
"100004780","DEL","90.035","ST","","90.035","2100","","MAV","","601249.0","142213.0","Ashford Station Car Park","XXX","","","","","","","","","","","100004780","2024-01-22","","NV","","","","","Down Main/Fast","Authorised Access to Down Lineside Parking Area",""
"100004785","DEL","91.055","ST","","91.055","2100","","MAV","","602256.0","141495.0","Aylesford Place at Hunter Road","XXX","","","","","","","","","","","100004785","2024-01-22","","NV","","","","","Down Main/Fast","Emergency Access Gate to Ashford Down Chord Lineside Access Area",""
"100004794","DEL","92.085","ST","","92.085","2100","","MAV","","603246.0","140706.0","Barrey Road at Comet Store","XXX","","","","","","","","","","","100004794","2024-01-22","","NV","","","","","Down Main/Fast","Emergency Access Gate to Down Lineside Access Area at Barrey Rd.",""
"100004821","DEL","97.0022","ST","","97.03","2100","","MAV","","606769.0","138526.0","Station Rd Bridge","XXX","","","","","","","","","","","100004821","2024-01-22","","NV","","","","","Down Main/Fast","Authorised Vehicle Access to Down Line at Station Rd Bridge",""
"100004826","DEL","98.04","ST","","98.04","2100","","MAV","","608074.0","138241.0","From Church Lane","XXX","","","","","","","","","","","100004826","2024-01-22","","NV","","","","","Down Main/Fast","Authorised Vehicle Access to Sellindge Feeder Station on Down - Approx. 16 metres.",""
"100004846","DEL","103.038","ST","","104.034","2100","","MAV","","613921.0","137066.0","Off A20 Ashford Rd At M20 Link","XXX","","","","","","","","","","","100004846","2024-01-22","","NV","","","","","Down Main/Fast","Continuous Authorised Vehicle Access Westenhanger Up at A20 Ashford Rd.",""
"100004858","DEL","104.087","ST","","106.002","2100","","MAV","","614485.0","137146.0","Off Sandling Road at A20 Ashford Rd.","XXX","","","","","","","","","","","100004858","2024-01-22","","NV","","","","","Down Main/Fast","Authorised Vehicle Access Sandling Road",""
"100004861","DEL","105.02","ST","","105.052","1100","","MAV","","614746.0","136856.0","Off Sandling Rd at Sandling Station","XXX","","","","","","","","","","","100004861","2024-01-22","","NV","","","","","Up Main/Fast","Authorised Access Road to Sandling Up Track Assembly Area",""
"100004876","DEL","106.023","ST","","106.09","1100","","MAV","","615779.0","136866.0","From Stone Farm Bridleway Overbridge","XXX","","","","","","","","","","","100004876","2024-01-22","","NV","","","","","Up Main/Fast","Authorised Vehicle Access to Up Lineside Area at Stone Farm",""
"100000774","DEL","201.042","ST","","201.045","2100","","MAV","","559944.0","169934.0","Off Whitehill Rd North West","XXX","","","","","","","","","Access Road","","100000774","2024-01-19","","NV","","","","","Down Main/Fast","Whitehill Rd - Access Road Approx.40m",""
"100000779","DEL","201.083","ST","","201.083","1100","","MAV","","560234.0","170212.0","At Hook Green DC Sub Station","XXX","","","","","","","","","Vehicle Turning Head","","100000779","2024-01-19","","NV","","","","","Up Main/Fast","Hook Green DC Sub Station Vehicle Turning Head - Vehicle Turning Head",""
"100000777","DEL","201.087","ST","","201.095","1100","","MAV","","560235.0","170244.0","Off Hook Green Rd","XXX","","","","","","","","","Access Road","","100000777","2024-01-19","","NV","","","","","Up Main/Fast","Hook Green DC Sub Station Access Road - Approx. 110 metres",""
"100000782","DEL","202.05","ST","","202.058","2100","","MAV","","560337.0","170945.0","Hook Green Rd Isolation Transformer","XXX","","","","","","","","","Access Road","","100000782","2024-01-19","","NV","","","","","Down Main/Fast","Access to Isolation Transformer Site from Westwood Road - Access Road Approx 255metres",""
